"",nextYR_PRICE_VAR,Class,Year,Revenue,Revenue Growth,Cost of Revenue,Gross Profit,R&D Expenses,SG&A Expense,Operating Expenses,Operating Income,Interest Expense,Earnings before Tax,Income Tax Expense,Net Income - Non-Controlling int,Net Income - Discontinued ops,Net Income,Preferred Dividends,Net Income Com,EPS,EPS Diluted,Weighted Average Shs Out,Weighted Average Shs Out (Dil),Dividend per Share,Gross Margin,EBITDA Margin,EBIT Margin,Profit Margin,Free Cash Flow margin,EBITDA,EBIT,Consolidated Income,Earnings Before Tax Margin,Net Profit Margin,Cash and cash equivalents,Short-term investments,Cash and short-term investments,Receivables,Inventories,Total current assets,"Property, Plant & Equipment Net",Goodwill and Intangible Assets,Long-term investments,Tax assets,Total non-current assets,Total assets,Payables,Short-term debt,Total current liabilities,Long-term debt,Total debt,Deferred revenue,Tax Liabilities,Deposit Liabilities,Total non-current liabilities,Total liabilities,Other comprehensive income,Retained earnings (deficit),Total shareholders equity,Investments,Net Debt,Other Assets,Other Liabilities,Depreciation & Amortization,Stock-based compensation,Operating Cash Flow,Capital Expenditure,Acquisitions and disposals,Investment purchases and sales,Investing Cash flow,Issuance (repayment) of debt,Issuance (buybacks) of shares,Dividend payments,Financing Cash Flow,Effect of forex changes on cash,Net cash flow / Change in cash,Free Cash Flow,Net Cash/Marketcap,priceBookValueRatio,priceToBookRatio,priceToSalesRatio,priceEarningsRatio,priceToFreeCashFlowsRatio,priceToOperatingCashFlowsRatio,priceCashFlowRatio,priceEarningsToGrowthRatio,priceSalesRatio,dividendYield,enterpriseValueMultiple,priceFairValue,ebitperRevenue,ebtperEBIT,niperEBT,grossProfitMargin,operatingProfitMargin,pretaxProfitMargin,netProfitMargin,effectiveTaxRate,returnOnAssets,returnOnEquity,returnOnCapitalEmployed,nIperEBT,eBTperEBIT,eBITperRevenue,payablesTurnover,inventoryTurnover,fixedAssetTurnover,assetTurnover,currentRatio,quickRatio,cashRatio,daysOfSalesOutstanding,daysOfInventoryOutstanding,daysOfPayablesOutstanding,debtRatio,debtEquityRatio,longtermDebtToCapitalization,totalDebtToCapitalization,interestCoverage,cashFlowToDebtRatio,companyEquityMultiplier,operatingCashFlowPerShare,freeCashFlowPerShare,cashPerShare,payoutRatio,operatingCashFlowSalesRatio,freeCashFlowOperatingCashFlowRatio,cashFlowCoverageRatios,shortTermCoverageRatios,capitalExpenditureCoverageRatios,dividendpaidAndCapexCoverageRatios,dividendPayoutRatio,Revenue per Share,Net Income per Share,Operating Cash Flow per Share,Free Cash Flow per Share,Cash per Share,Book Value per Share,Tangible Book Value per Share,Shareholders Equity per Share,Interest Debt per Share,Market Cap,Enterprise Value,PE ratio,Price to Sales Ratio,POCF ratio,PFCF ratio,PB ratio,PTB ratio,EV to Sales,Enterprise Value over EBITDA,EV to Operating cash flow,EV to Free cash flow,Earnings Yield,Free Cash Flow Yield,Debt to Equity,Debt to Assets,Net Debt to EBITDA,Current ratio,Interest Coverage,Income Quality,Dividend Yield,Payout Ratio,SG&A to Revenue,R&D to Revenue,Intangibles to Total Assets,Capex to Operating Cash Flow,Capex to Revenue,Capex to Depreciation,Stock-based compensation to Revenue,Graham Number,ROIC,Return on Tangible Assets,Graham Net-Net,Working Capital,Tangible Asset Value,Net Current Asset Value,Invested Capital,Average Receivables,Average Payables,Average Inventory,Days Sales Outstanding,Days Payables Outstanding,Days of Inventory on Hand,Receivables Turnover,Payables Turnover,Inventory Turnover,ROE,Capex per Share,Gross Profit Growth,EBIT Growth,Operating Income Growth,Net Income Growth,EPS Growth,EPS Diluted Growth,Weighted Average Shares Growth,Weighted Average Shares Diluted Growth,Dividends per Share Growth,Operating Cash Flow growth,Free Cash Flow growth,10Y Revenue Growth (per Share),5Y Revenue Growth (per Share),3Y Revenue Growth (per Share),10Y Operating CF Growth (per Share),5Y Operating CF Growth (per Share),3Y Operating CF Growth (per Share),10Y Net Income Growth (per Share),5Y Net Income Growth (per Share),3Y Net Income Growth (per Share),10Y Shareholders Equity Growth (per Share),5Y Shareholders Equity Growth (per Share),3Y Shareholders Equity Growth (per Share),10Y Dividend per Share Growth (per Share),5Y Dividend per Share Growth (per Share),3Y Dividend per Share Growth (per Share),Receivables growth,Inventory Growth,Asset Growth,Book Value per Share Growth,Debt Growth,R&D Expense Growth,SG&A Expenses Growth
min,-92.47542268,0,2014,1810437,-0.835,0,-11232000,0,0,-935700000,-3.131e+09,-1.26e+08,4000,-1.4708e+10,-8.62e+08,-15914500000,4000,-3448000,-47010000,-9.55,-9.55,615988,660925,0,-0.0759,0.006,0.0014,-0.629,-1.3746,835224,276048,-67258000,0,0,0,0,0,0,0,987000,19088,0,0,0,502951,5056830,0,2352,13000,0,2352,0,0,0,0,1801873,-2.9607e+10,-2.2841e+10,13607,-17000,-6.7846e+10,-5.2293e+10,-2.554e+09,0,-1.37e+08,30066,-2.9504e+10,-4.1711e+10,-4.4417e+10,-6.3145e+10,-1.0201e+10,-7.2069e+10,-1.3798e+10,-8.7876e+10,-1.192e+09,-4.5532e+10,-1.0048e+10,-45.7054,0.0136,0,0.0035,0,0,0.0238,0.023805417879807,0.161547001,0.0035162035939053,0,0.438453628,0.010221304,0.0014254380702352,0.000215366,0.00217543,-0.075892917,1,-7.665004085,4.66e-06,-844.5555556,-282.6203,0,-0.8845,0.00217543,0.000215366,0.0014254380702352,-10.6738,0,0.06768881,0.037259931,0.168,0.036678779,0,-915.8698,0,0,0,0,0,2.08e-05,-1779.8692,0.002479685,1.014496793,0.0021,-26.936,0,-115.333,0.000276182,-19.55759576,0.002479685,0.00720236,0.048643821,0.048643821,0,0.0887,1e-04,0.0021,-26.936,0,0.003,0.197,0.0035,1e-04,869207.24,-153962610,0,0.0035,0.0238,0,0.0136,0,-1.2841,0,-2.6514,-7850.0443,-0.8025,-2.7803,0,0,-14.8958,0.168,-1779.8692,-130,0,-115.333,0,0,0,3e-04,1e-04,-90.7526,-0.0613,0,-0.8845,-282.6203,-20.1032,-1.8857e+10,3942816,-2.86553e+11,-636164000,0,0,0,0,0,-915.8698,0,-10.6738,0,0,-143.5223,-1.0607,-0.9575,-15.1273,-2.7615,-5.3281,-5.3281,-0.2627,-0.6153,-1,-0.9896,-642,-0.605,-0.8435,-0.5742,-0.6604,-0.7771,-0.7902,-0.6873,-0.8215,-0.8592,-0.6419,-0.8639,-0.8699,-1,-1,-1,-1,-1,-0.7893,-0.982,-0.9996,-1,-0.9264
max,1041.666647,1,2018,5.00343e+11,3.5019,3.73396e+11,1.26947e+11,1.4726e+10,1.0651e+11,1.0651e+11,7.123e+10,7.957e+09,7.2903e+10,1.9903e+10,2.331e+09,3.729e+09,5.9531e+10,5.98e+08,5.9531e+10,311.44,311.44,8260411967,8.299e+09,68.179,1,39.2,39.0594,41.397,32.6164,8.3806e+10,7.2903e+10,5.9531e+10,39.1527,41.3967,1.33768e+11,5.8784e+10,1.33768e+11,1.21092e+11,6.2567e+10,1.69662e+11,2.5263e+11,2.93128e+11,1.94714e+11,1.1509e+10,4.80437e+11,5.31864e+11,5.5888e+10,5.3493e+10,1.15929e+11,1.6625e+11,1.76505e+11,5.0676e+10,6.2207e+10,6.3955e+10,2.7356e+11,3.3798e+11,7.017e+09,4.21653e+11,1.91794e+11,2.48606e+11,1.71301e+11,6.3867e+10,6.5484e+10,2.843e+10,5.34e+09,8.1266e+10,-19088,32603300000,3.0845e+10,24333300000,3.6452e+10,4.607e+09,0,33367300000,9.37e+08,4.4997e+10,6.9778e+10,3.0205,551.2952,2621.0079,34.9529,6570,6100.5675,1250.9793,1248.024484,100419.288,34.72062593,2.87844063,160.61821660327,1846.587123,39.05941273,1.809717214,845.5555556,1,1,0.93213797,41.39667163,3.975325755,83.7857,44.1163,10.9396,845.5555556,1.809717214,39.05941273,608.5995,1853.8751,19046.70968,10.27513228,74.697,75.92307692,64.6123628,0,2610.2789,320.6754,0.863,637.2299,0.99842528735632,0.99843316654753,8101.0484,5903.169014,912.38822992701,364.7858,277.647,123.2842,84,32.63496106,1.4643421,5903.169014,117792.6667,3855.75,3221.019353,77,5492.8503,311.4284,364.7858,277.647,123.2842,2902.055,4388.535,2902.0546,595.4466,1097648982760,1145830982760,6570,34.9529,1250.9793,6100.5675,551.2952,2621.0079,33.7162,143.3219,1644.0816,6976.69,5.6962,41.9905,637.2299,0.863,22.678,74.697,8101.0484,17675.5,1.7482,84,6.1698,2.4932,0.8754,20.5576,1.9857,0,0.4275,4043.3923,10.9396,83.7857,18.4062,1.11174e+11,3.75319e+11,6.2984e+10,3.69896e+11,120041500000,5.0065e+10,61977500000,2610.2789,320.6754,0,5911.5,608.5995,1853.8751,44.1163,-1e-04,22.5246,2367.4231,604.5,3159,276,272,2.7848,7.312,372.5714,131.25,162.7211,1.0437,4.0818,1.7478,0.7152,2.8192,5.385,0.8477,2.5874,13.1431,0.757,1.9901,3.6703,0.9128,2.9811,5.4005,62.7745,11.3728,6.1059,119.6667,1051.3766,2.8938,4.3511
mean,10.8929509886776,0.617015013246983,2016.21165734472,10028541689.4888,0.0898596114218428,6474937777.76302,3551607797.50799,223411089.035903,1649189722.52235,2308700030.61548,1242213273.27046,147134467.182004,1145655519.53218,258585394.888195,11396926.1847436,-17777575.2537533,888925271.983213,2094387.55780156,883104458.802214,3.34381083308802,3.29690432734766,265637856.393759,265705685.185444,0.957563232263762,0.391454194877833,0.208239858698852,0.149027023844569,0.103336914924934,0.0871064468648808,1826179779.9989,1291870297.96773,900399685.951148,0.127610038269061,0.104107035619664,978736129.675946,604857163.639977,1583590664.52581,1369208369.72236,791939015.818864,4098079813.39043,4421003943.96422,3824644612.3139,775094717.789932,137744396.589072,9990637762.00544,14100253425.0916,1116206763.5772,629560817.696876,3016533246.88004,3855486885.6711,4480779257.02113,256045667.863703,891609933.612054,88415500.6841331,6027996203.89987,9051336091.16672,-468155072.638645,4513660503.86405,4933452526.76091,1380256344.77992,2892220236.80126,353950188.806132,1269788739.19974,534849886.293576,60026117.5089785,1475247737.71396,-606234978.339987,-333301006.514196,-54146122.1282629,-1000749503.37243,329308912.099561,-377354096.910746,-364243497.614471,-451268721.86656,-8688974.72349411,15611257.0823428,867827565.279981,-0.289351516043568,4.99397795113335,11.4307130114807,1.97742181336473,35.1889906976744,30.7943841330586,16.8915246688254,16.3694595246185,68.3870873454955,1.90760328777885,0.0198045022589806,13.0129024747744,5.37025005013367,0.149113234398205,0.824423728868272,1.13217371600504,0.39171408168904,1,0.127003552288888,0.104077924104737,-0.12953123506034,0.125598380924345,0.247316485133942,0.100409096261407,1.13217371600504,0.824423728868272,0.149113234398205,5.42825743302914,25.739204062408,16.2488585293289,1.0220440324003,2.01550306152487,1.37735612231092,0.544153335204458,-62.1974566087725,57.1067403885782,33.7187461878128,0.278233058581101,1.54021159846924,0.366397430376575,0.398301688264116,27.9556834854283,7.51357411346403,4.04359432948581,5.43122828966735,2.85754047689137,3.96400903738593,0.476070473947601,0.163210226363342,0.450279320674763,7.51357411346403,191.279801199266,8.44245543974331,5.44740957875088,0.4563876259172,56.9042112746541,3.31090038269061,5.43122828966735,2.85754047689137,3.96400903738593,23.9009214895496,45.2861793347071,23.9578948189579,17.7287843979982,16935403238.7318,19840421732.0658,35.1889906976744,1.97742181336473,16.8915246688254,30.7943841330586,4.99397795113335,11.4307130114807,2.32330830144245,11.9443314983809,20.1278071828084,13.3590398292611,0.0621870768324993,0.0635558139534884,1.54021159846924,0.278233058581101,1.5848531939947,2.01550306152487,27.9556834854283,8.9441325287018,0.0192449808654695,0.476070473947601,0.197492287312334,0.0228143361789815,0.256907300559317,0.551786929643803,0.0760040035325287,-1.21046764792464,0.00897639093317633,39.8004175448926,0.100409096261407,0.125598380924345,-0.306245363556079,1087956623.96379,10274623331.4397,-4954872334.59071,10754368097.0021,1333925751.18967,1079693532.86204,773330482.58375,57.1067403885782,33.7187461878128,-62.1974566087725,19.1629554018251,5.42825743302914,25.739204062408,0.247316485133942,-2.48806146599941,0.138216426258463,2.3776021783927,1.03388575213424,2.82329440682956,1.32742131292317,1.28911221666176,0.00837842213717986,0.0136601413011481,0.277270209007948,0.576300323815131,0.391008949072711,0.0529520459228731,0.0617302031204004,0.060442949661466,0.0670040035325287,0.0780125404768914,0.0994042979099205,0.0537901383573742,0.0815336178981454,0.100503355902267,0.0600000294377392,0.0682198999116868,0.0797621725051516,0.0102242272593465,0.0414182513982926,0.0474550780100088,0.136865587282897,0.0745526052399176,0.116280777156314,0.225296261407124,1.81694559905799,0.0277738004121284,0.074865646158375
var,1502.75372505652,0.236377070740378,1.89187820057398,8.39294736355201e+20,0.0424977582446075,4.54184264677318e+20,99290344940865500000,1328091207381680000,29021406926240900000,47678510668591800000,14486994899606600000,148777826813677000,13791734612377900000,1377486906287310000,4587853867459800,117945981080357000,8553733367469890000,496535948627881,8495098328165520000,111.201996265731,110.788199140809,514771044790329000,520080547073031000,4.86050342148343,0.0453983293853719,0.471935332603985,0.460823383156423,0.514441637782941,0.326722689342996,2.7494258466041e+19,15123199686664600000,8666125251520540000,0.460820346957507,0.514357813428106,24427338165385400000,15927501747802800000,49589895415704600000,25551803002784100000,7703740380343800000,1.33369201165374e+20,2.03974777098528e+20,1.70764330327319e+20,48230074484686300000,396714833816275000,7.31754934278853e+20,1.25109017515232e+21,13733346927752200000,7976109310852540000,72320400774370200000,1.01643979519392e+20,1.42567291531805e+20,4008354809013410000,12006634000426200000,3058029236617100000,2.70213840487908e+20,5.47519522623178e+20,3610384299008150000,3.17992920388558e+20,1.82958921969874e+20,85342721404519200000,99087089396118500000,9425959331107210000,17543385553227700000,2879395656845940000,68914131728082900,20384082664728700000,3228676024372290000,4027753185706450000,3062505802414660000,12419305952883400000,4356856794557740000,4574560074119700000,1496777146482830000,10421101135869200000,4385751300326130,2771976805310510000,10780120824363600000,0.97878301017806,426.572425150076,5854.90177579526,4.22364595013358,22988.8131559731,15435.1966490039,1933.17996344016,1927.01546240609,3010324.8008465,4.03394909357076,0.00495920934398515,71.0143150959861,1410.91048883234,0.460866694414346,0.0317817178846927,212.455252022441,0.0453895431724962,0,0.0284327799567167,0.51435792632921,212.463424104956,28.1697522189815,1.40469847987539,0.0461898878765976,212.455252022441,0.0317817178846927,0.460866694414346,257.967718625137,6846.20982714776,107264.401597811,0.638160127040901,3.46963508908368,4.52862049332213,1.80734174381107,5032.83862628134,3971.97984888035,813.132493143358,0.0255400482148178,139.150416527262,0.0503691082224648,0.0481306812984051,42128.2598687504,16298.824614784,374.561987769304,142.71491232283,78.3073836211438,49.962209243284,10.2875823757563,0.325823894021254,0.757819614108897,16298.824614784,8333765.14280634,10351.6296344682,5957.73859053281,5.00235410541579,35314.4693989978,91.6573015818461,142.71491232283,78.3073836211438,49.962209243284,8544.69395120252,19492.9326017034,8546.73426971631,783.740264789639,2.56305461010077e+21,2.95344013540381e+21,22988.8131559731,4.22364595013358,1933.17996344016,15435.1966490039,426.572425150076,5854.90177579526,4.98145844069667,59.8179262799322,3235.08082534967,63888.9814933072,0.0211576207605044,0.534454743686005,139.150416527262,0.0255400482148178,5.83952880522905,3.46963508908368,42128.2598687504,94182.6369592503,0.00330885940133208,10.2875823757563,0.0324255313185888,0.00480321499170438,0.049146752808877,0.789013984776112,0.0147329155787844,4.63746836107612,0.0002268412681251,18641.4243780378,0.0461898878765976,28.1697522189815,0.656508717008091,30041899144151600000,7.59244165073724e+20,2.56481746931008e+20,8.35030165154143e+20,24031490818369800000,12559101880086200000,7315684527558880000,3971.97984888035,813.132493143358,5032.83862628134,24045.0892553629,257.967718625137,6846.20982714776,1.40469847987539,24.7188018219688,0.343144727297825,3008.31302206889,160.862861709444,3298.0931483496,93.785351474899,86.0641251140998,0.00796036603897016,0.0277748852364936,43.6327181239179,15.3877540858038,264.634481622888,0.00812237455190837,0.014272351914358,0.0142798354133228,0.0100102718685371,0.0285971440711943,0.0748268667541963,0.0125968207478313,0.0468484018435913,0.17988169961771,0.00880280435512281,0.018450500045573,0.0408171668637123,0.0408945554758824,0.0439208403676129,0.0701687427222922,1.7155522364332,0.153068546987469,0.0992434555756032,6.40728478961794,789.098729379678,0.0257389605206822,0.0347365772087476
sd,38.7653675986249,0.486186251081186,1.37545563380793,28970583983.6756,0.206149844153731,21311599298.9104,9964454071.39124,1152428395.77203,5387152023.68013,6904962756.49564,3806178516.51846,385717288.715034,3713722473.79605,1173663881.30815,67733698.1676019,343432644.168194,2924676626.13662,22283086.604595,2914635196.41233,10.5452357140905,10.5255973294065,717475466.3334,721166102.276744,2.20465494385934,0.213068837199089,0.686975496363578,0.678839733041918,0.717245869826339,0.571596614180836,5243496778.49057,3888855832.5894,2943828332.54939,0.678837496723264,0.717187432564254,4942402064.31907,3990927429.5335,7042009330.84475,5054879128.40496,2775561273.02998,11548558402.0419,14281973851.626,13067682668.6034,6944787576.64238,629853025.567295,27050969192.9671,35370753104.1158,3705853063.43251,2824200649.89238,8504140213.70592,10081863891.136,11940154585.7583,2002087612.72163,3465059018.3179,1748722172.50686,16438182396.1139,23399135082.8012,1900101128.62662,17832355996.5743,13526230885.5747,9238112437.31744,9954249815.83838,3070172524.64861,4188482488.11282,1696878209.19651,262515012.386117,4514873493.76798,1796851697.93511,2006926303.00827,1750001657.83198,3524103567.27543,2087308504.8832,2138822123.06674,1223428439.46135,3228173033.75597,66225005.0987248,1664925465.39192,3283309431.71118,0.98933463003074,20.6536298298889,76.5173299050304,2.0551510772042,151.620622462688,124.238466865154,43.9679424517473,43.8977842539472,1735.02876081248,2.00846934095862,0.0704216539424142,8.42699917503177,37.5620884514205,0.678871633237349,0.178274277125705,14.5758448133355,0.213048217951937,0,0.168620224044201,0.717187511275266,14.576125140275,5.30751846148287,1.18519976370036,0.214918328386849,14.5758448133355,0.178274277125705,0.678871633237349,16.061373497467,82.7418263464601,327.512444951045,0.798849251762122,1.86269565122262,2.1280555663145,1.34437410857658,70.9425022555685,63.0236451570389,28.5154781328204,0.159812540855897,11.7962034793938,0.224430631203641,0.219387058183488,205.25169882062,127.666850101285,19.3536039994959,11.9463346815176,8.84914592608484,7.06839509671637,3.20742612943094,0.570809858027394,0.870528353420437,127.666850101285,2886.82613657393,101.742958648096,77.1863886351267,2.23659430952862,187.921444755509,9.57378198946718,11.9463346815176,8.84914592608484,7.06839509671637,92.4375137658003,139.617092799211,92.4485493110428,27.9953614870328,50626619580.027,54345562242.0434,151.620622462688,2.0551510772042,43.9679424517473,124.238466865154,20.6536298298889,76.5173299050304,2.23191810797275,7.73420495461118,56.8777709245859,252.762697986287,0.14545659407708,0.731064117356341,11.7962034793938,0.159812540855897,2.41651170186057,1.86269565122262,205.25169882062,306.891897839044,0.05752268597112,3.20742612943094,0.180070906363546,0.0693052306229796,0.221690669196692,0.888264591648295,0.121379222187261,2.15347820074319,0.0150612505498415,136.533601644569,0.214918328386849,5.30751846148287,0.810252255170012,5481049091.56556,27554385586.9392,16015047515.7275,28896888502.9884,4902192450.15634,3543882317.47136,2704752211.8595,63.0236451570389,28.5154781328204,70.9425022555685,155.064790508235,16.061373497467,82.7418263464601,1.18519976370036,4.97180066193012,0.585785564262065,54.8480904140599,12.6831723834947,57.4290270538305,9.68428373576998,9.27707524568491,0.0892208834240626,0.166657988816899,6.60550665156867,3.9227227898239,16.2675899143938,0.0901242173442209,0.119466949045994,0.11949826531512,0.100051346160544,0.16910690131155,0.273544999505011,0.112235559195075,0.216444916418915,0.424124627459559,0.0938232612688496,0.135832617752781,0.202032588618055,0.202224022994011,0.209572995320516,0.264893832926122,1.30979091325036,0.391239756399409,0.315029293202399,2.5312615016268,28.0909011848975,0.16043366392588,0.186377512615518
0%,-92.47542268,0,2014,1810437,-0.835,0,-11232000,0,0,-935700000,-3.131e+09,-1.26e+08,4000,-1.4708e+10,-8.62e+08,-15914500000,4000,-3448000,-47010000,-9.55,-9.55,615988,660925,0,-0.0759,0.006,0.0014,-0.629,-1.3746,835224,276048,-67258000,0,0,0,0,0,0,0,987000,19088,0,0,0,502951,5056830,0,2352,13000,0,2352,0,0,0,0,1801873,-2.9607e+10,-2.2841e+10,13607,-17000,-6.7846e+10,-5.2293e+10,-2.554e+09,0,-1.37e+08,30066,-2.9504e+10,-4.1711e+10,-4.4417e+10,-6.3145e+10,-1.0201e+10,-7.2069e+10,-1.3798e+10,-8.7876e+10,-1.192e+09,-4.5532e+10,-1.0048e+10,-45.7054,0.0136,0,0.0035,0,0,0.0238,0.023805417879807,0.161547001,0.0035162035939053,0,0.438453628,0.010221304,0.0014254380702352,0.000215366,0.00217543,-0.075892917,1,-7.665004085,4.66e-06,-844.5555556,-282.6203,0,-0.8845,0.00217543,0.000215366,0.0014254380702352,-10.6738,0,0.06768881,0.037259931,0.168,0.036678779,0,-915.8698,0,0,0,0,0,2.08e-05,-1779.8692,0.002479685,1.014496793,0.0021,-26.936,0,-115.333,0.000276182,-19.55759576,0.002479685,0.00720236,0.048643821,0.048643821,0,0.0887,1e-04,0.0021,-26.936,0,0.003,0.197,0.0035,1e-04,869207.24,-153962610,0,0.0035,0.0238,0,0.0136,0,-1.2841,0,-2.6514,-7850.0443,-0.8025,-2.7803,0,0,-14.8958,0.168,-1779.8692,-130,0,-115.333,0,0,0,3e-04,1e-04,-90.7526,-0.0613,0,-0.8845,-282.6203,-20.1032,-1.8857e+10,3942816,-2.86553e+11,-636164000,0,0,0,0,0,-915.8698,0,-10.6738,0,0,-143.5223,-1.0607,-0.9575,-15.1273,-2.7615,-5.3281,-5.3281,-0.2627,-0.6153,-1,-0.9896,-642,-0.605,-0.8435,-0.5742,-0.6604,-0.7771,-0.7902,-0.6873,-0.8215,-0.8592,-0.6419,-0.8639,-0.8699,-1,-1,-1,-1,-1,-0.7893,-0.982,-0.9996,-1,-0.9264
25%,-11.78861615,0,2015,796210000,0.0047,409840000,244900000,0,84647000,149337000,65100000,4363000,51915000,6621000,0,0,37556000,0,37270000,1.06,1.04,28484984,28411000,0,0.2365,0.097,0.0615,0.035,0.0242,107100000,67580000,38767000,0.049,0.0356,34043000,0,37196000,87868000,8227000,292934000,129853000,49110000,0,0,475654000,854632000,45314000,5625000,147593000,114208319,145959000,0,1896000,0,205555000,384062000,-195100000,99908000,358633000,0,6337000,13849000,49383000,31767000,2141000,74906000,-363710000,-138915000,-255000,-643091000,-29377000,-151311000,-170800000,-295200000,-4332000,-29254000,19718000,-0.3861,1.7155,0,0.7436,14.9167,10.2765,8.0782,7.695882886,14.32827201,0.7156826588968,0,8.816481189,1.635182537,0.061632394811768,0.748241052,0.638591399,0.236842381,1,0.058934545,0.035559987,0.151608871,0.0627,0.0832,0.0436,0.638591399,0.748241052,0.061632394811768,2.2873,4.3559,2.1367246748722,0.491635047,1.133,0.68792995622264,0.115354227,-89.091,35.2115,17.6707,0.1626,0.319,0.201216036,0.24311598,3.5071,0.2091069,1.825873315,2.0519,0.6354,0.7226,0,0.070033174,0.35444644178915,0.2091069,2.025252525,1.561504575,1.157188292,0,16.0727,1.0821,2.0519,0.6354,0.7226,8.713,14.837,8.7126,3.8168,936951192.1,1096206628,14.9167,0.7436,8.0782,10.2765,1.7155,0,0.8959,8.0727,10.4615,12.2177,0.0338,0.0246,0.319,0.1626,0.1385,1.133,3.5071,1.2671,0,0,0.0917,0,0.0561,0.1886,0.0192,-1.4104,0.0023,14.9681,0.0436,0.0627,-0.4742,24852000,576640000,-3237203000,510908000,84399000,44324000,9012000,35.2115,17.6707,-89.091,5.4923,2.2873,4.3559,0.0832,-2.7609,0.0036,-0.0682,-0.0643,-0.1271,-0.1312,-0.1311,-0.0163,-0.0178,0,-0.1008,-0.2758,0.0115,0.0132,0.0058,0.0018,0,-0.0106,0,-6e-04,-0.0291,0.011,0.0124,0.0095,0,0,0,-0.03,-0.012,-0.0012,0.0082,-0.0793,0,0
50%,9.21450165412688,1,2016,2367853000,0.0591,1291506000,808600000,0,310921000,476696000,255777000,2.9e+07,204942000,40844000,0,0,153600000,0,153600000,2.1,2.07,65135908,64976000,0.505,0.352,0.159,0.1123,0.069,0.063,375373000,268334000,158223000,0.0926,0.069,142655000,0,165485000,301200000,144945000,894323000,513992000,443300000,0,3439000,1679178000,2909887000,165600000,32300000,520783000,698172000,805200000,0,48886000,0,1018100000,1746590000,-3e+07,653279000,1051424000,7000,404400000,58579000,200496000,94300000,10600000,282830000,-91200000,-5266000,0,-154210000,137252,-6e+06,-20800000,-40300000,0,1132000,120540000,-0.1524,2.5959,2.2443,1.4208,20.6695,17.6205,12.1143,11.621283519549,19.91060346,1.358369879,0.011987267406073,11.53359524,2.532169912,0.112219924,0.87644151565074,0.72687802080773,0.352609349,1,0.109208867,0.068730301,0.273345416,0.1269,0.1296,0.072,0.72687802080773,0.87644151565074,0.112219924,3.471,7.8955,5.206756424,0.813960455,1.685,1.071823699,0.296334186,-48.8566,51.2826,27.4788,0.2759,0.6681,0.372945005,0.399955612,7.044,0.347329083,2.394044167,3.9164,1.968,2.0159,0.233,0.123678508,0.650983417,0.347329083,5.169277799,2.881988743,1.812914153,0.22944347000088,30.6043,2.1234,3.9164,1.968,2.0159,15.543,27.696,15.5425,10.8672,3182162279,4052917977,20.6695,1.4208,12.1143,17.6205,2.5959,2.2443,1.7559,10.7217,14.3737,20.5027,0.0481,0.0462,0.6681,0.2759,1.4744,1.685,7.044,1.7093,0.0117,0.233,0.174,0,0.2113,0.347,0.0358,-0.9223,0.0053,26.5151,0.072,0.1269,-0.1573,228948000,1955779000,-450773000,1949871000,293507000,161583500,143259000,51.2826,27.4788,-48.8566,7.2765,3.471,7.8955,0.1296,-1.2117,0.066,0.0987,0.0933,0.129,0.1266,0.1254,0.0015,6e-04,0,0.0824,0.0797,0.0497,0.0558,0.0521,0.0595,0.064,0.0655,0.0447,0.052,0.0511,0.0566,0.0608,0.0601,0,0,2e-04,0.0599,0.0143,0.0494,0.0688,0.0103,0,0.0457
75%,30.82064294,1,2017,7724771000,0.1279,4727813000,2.541e+09,8748000,1046440000,1502538000,855200000,1.21e+08,735900000,164631000,1002000,0,5.49e+08,0,547132000,3.75,3.71,211619891,212229426,1.325,0.514,0.255,0.1793,0.115,0.1195,1283900000,882200000,5.58e+08,0.1504,0.1155,552325000,1907000,6.21e+08,9.82e+08,558700000,2867631000,2.407e+09,2.186e+09,49435000,36713000,6848900000,10385800000,6.68e+08,287100000,2.06e+09,2.988e+09,3286590000,4042000,336379000,0,4133500000,6429800000,-172000,2.649e+09,3565968000,164556000,2.276e+09,211400000,720200000,344033000,33887000,996700000,-24911600,0,0,-29710000,177433000,488000,0,9140000,0,4.3e+07,490570000,-0.0127,4.1576,5.8936,2.5425,29.3578,27.1922,17.4383,17.05190311,28.71607283,2.442976982,0.025260494,14.96252037,4.050724433,0.179454661,0.948270677,0.848391129,0.514958356,1,0.17321156470038,0.115498777,0.361398315,0.2423,0.2095,0.1131,0.848391129,0.948270677,0.179454661,5.5274,15.1109,9.533613297,1.3349143506723,2.437,1.623115647,0.630752487,-8.3034,68.6878,41.5406,0.3754,1.1794,0.509057971,0.541599989,15.4454,0.665752541,3.319404305,6.5284,3.765,4.7925,0.5,0.207730232,0.810991637,0.665752541,18.82347328,5.2978566149298,3.0065489931723,0.48909090909091,53.5973,3.7988,6.5284,3.765,4.7925,26.288,49.465,26.3609,22.2594,11469078359,14519969513,29.3578,2.5425,17.4383,27.1922,4.1576,5.8936,3.141,13.9926,19.8338,31.7133,0.0664,0.0696,1.1794,0.3754,2.938,2.437,15.4454,2.5429,0.0242,0.5,0.267,0.0138,0.412,0.6408,0.072,-0.6053,0.0099,44.1019,0.1131,0.2423,0.0171,759670000,7003590000,9642000,7.046e+09,973500000,6.35e+08,546717500,68.6878,41.5406,-8.3034,10.4444,5.5274,15.1109,0.2095,-0.538,0.1486,0.4005,0.3394,0.6471,0.6149,0.6145,0.0112,0.0133,0.1,0.3593,0.6307,0.0907,0.1052,0.1046,0.1167,0.1431,0.1689,0.1076,0.1519,0.1789,0.1038,0.1101,0.1195,0.0765,0.0986,0.1006,0.1738,0.1189,0.125,0.1489,0.1918,0,0.1179
100%,1041.666647,1,2018,5.00343e+11,3.5019,3.73396e+11,1.26947e+11,1.4726e+10,1.0651e+11,1.0651e+11,7.123e+10,7.957e+09,7.2903e+10,1.9903e+10,2.331e+09,3.729e+09,5.9531e+10,5.98e+08,5.9531e+10,311.44,311.44,8260411967,8.299e+09,68.179,1,39.2,39.0594,41.397,32.6164,8.3806e+10,7.2903e+10,5.9531e+10,39.1527,41.3967,1.33768e+11,5.8784e+10,1.33768e+11,1.21092e+11,6.2567e+10,1.69662e+11,2.5263e+11,2.93128e+11,1.94714e+11,1.1509e+10,4.80437e+11,5.31864e+11,5.5888e+10,5.3493e+10,1.15929e+11,1.6625e+11,1.76505e+11,5.0676e+10,6.2207e+10,6.3955e+10,2.7356e+11,3.3798e+11,7.017e+09,4.21653e+11,1.91794e+11,2.48606e+11,1.71301e+11,6.3867e+10,6.5484e+10,2.843e+10,5.34e+09,8.1266e+10,-19088,32603300000,3.0845e+10,24333300000,3.6452e+10,4.607e+09,0,33367300000,9.37e+08,4.4997e+10,6.9778e+10,3.0205,551.2952,2621.0079,34.9529,6570,6100.5675,1250.9793,1248.024484,100419.288,34.72062593,2.87844063,160.61821660327,1846.587123,39.05941273,1.809717214,845.5555556,1,1,0.93213797,41.39667163,3.975325755,83.7857,44.1163,10.9396,845.5555556,1.809717214,39.05941273,608.5995,1853.8751,19046.70968,10.27513228,74.697,75.92307692,64.6123628,0,2610.2789,320.6754,0.863,637.2299,0.99842528735632,0.99843316654753,8101.0484,5903.169014,912.38822992701,364.7858,277.647,123.2842,84,32.63496106,1.4643421,5903.169014,117792.6667,3855.75,3221.019353,77,5492.8503,311.4284,364.7858,277.647,123.2842,2902.055,4388.535,2902.0546,595.4466,1097648982760,1145830982760,6570,34.9529,1250.9793,6100.5675,551.2952,2621.0079,33.7162,143.3219,1644.0816,6976.69,5.6962,41.9905,637.2299,0.863,22.678,74.697,8101.0484,17675.5,1.7482,84,6.1698,2.4932,0.8754,20.5576,1.9857,0,0.4275,4043.3923,10.9396,83.7857,18.4062,1.11174e+11,3.75319e+11,6.2984e+10,3.69896e+11,120041500000,5.0065e+10,61977500000,2610.2789,320.6754,0,5911.5,608.5995,1853.8751,44.1163,-1e-04,22.5246,2367.4231,604.5,3159,276,272,2.7848,7.312,372.5714,131.25,162.7211,1.0437,4.0818,1.7478,0.7152,2.8192,5.385,0.8477,2.5874,13.1431,0.757,1.9901,3.6703,0.9128,2.9811,5.4005,62.7745,11.3728,6.1059,119.6667,1051.3766,2.8938,4.3511
cv,355.875718516668,78.7965026203621,0.0682198036499483,288.881323732646,229.413237929516,329.13983161508,280.561780452867,515.833122136038,326.654474625319,299.084448604388,306.402982355652,262.152910940919,324.156992261735,453.878642997454,594.315494104655,-1931.830630815,329.012653629658,1063.94284675684,330.044217007527,315.365797901671,319.25698425936,270.095338094385,271.415382690597,230.235964537542,54.430081472389,329.896255527648,455.51452047377,694.084848911313,656.204718196685,287.129275875222,301.025252976792,326.946841328542,531.962458385884,688.894298349214,504.977992991377,659.813203751519,444.686211442993,369.182605086613,350.47664246723,281.804135788355,323.048204268727,341.670507804319,895.992117769091,457.262176294774,270.763186869234,250.851896329558,332.004175602383,448.598542111334,281.91766898315,261.493922560214,266.474956717601,781.92598587037,388.629476600871,1977.84569331821,272.697291771336,258.51581299292,-405.870028902421,395.075260563092,274.173731523781,669.304109505138,344.173299431982,867.402426031823,329.856641408912,317.262516583036,437.334652448329,306.041716136722,-296.395253018114,-602.136286354957,-3231.99813587116,-352.146421796819,633.845130875819,-566.794461906325,-335.882026027618,-715.354926528796,-762.172836337745,10664.9032592964,378.336614676662,-341.914444948605,413.57070519708,669.401198579461,103.93083879798,430.875167080904,403.445207179125,260.295878044055,268.168806599436,2537.07070758405,105.287580170677,355.584063772573,64.7587975962134,699.447662599725,455.272555770894,21.6241079536164,1287.42123291535,54.3887054132163,0,132.768116328471,689.08706379802,-11252.9808995374,4225.78573260422,479.223923572454,214.042687753435,1287.42123291535,21.6241079536164,455.272555770894,295.884520872922,321.46225713057,2015.60278440415,78.1619212516704,92.4183985021268,154.50293005879,247.057956204835,-114.060133844062,110.361132027847,84.5686194082951,57.4383725898316,765.882005506103,61.2533311090573,55.0806247243449,734.203829885274,1699.14940843548,478.623779303721,219.956408465557,309.67701061969,178.314303273578,673.729270129861,349.739027232672,193.330742374736,1699.14940843548,1509.21640365287,1205.13468355587,1416.93749146775,490.064625445036,330.241717697284,289.159469717631,219.956408465557,309.67701061969,178.314303273578,386.75292835976,308.29956258246,385.879268648797,157.909086480818,298.939557956566,273.913342044594,430.875167080904,103.93083879798,260.295878044055,403.445207179125,413.57070519708,669.401198579461,96.0663768380221,64.7520956334774,282.58304746265,1892.07234364738,233.901642408546,1150.27103246817,765.882005506103,57.4383725898316,152.47542870325,92.4183985021268,734.203829885274,3431.20919613194,298.897080611447,673.729270129861,91.1787031352587,303.779299468856,86.2920861781838,160.979636147181,159.701090134432,-177.904647384451,167.787373143206,343.045651444654,214.042687753435,4225.78573260422,-264.576170480256,503.792979502827,268.179033898251,-323.21816656958,268.6990834082,367.501148079965,328.230392200023,349.753730490843,110.361132027847,84.5686194082951,-114.060133844062,809.190374118735,295.884520872922,321.46225713057,479.223923572454,-199.826279610541,423.817617138104,2306.86575376282,1226.74796101146,2034.11400932576,729.556143289867,719.648384816995,1064.88885333359,1220.03122180656,2382.33551134205,680.673362085816,4160.41370740309,170.199688743832,193.530788831169,197.704225198168,149.321444817804,216.768868540619,275.184278000631,208.654527804703,265.467082166409,422.000463220347,156.372025394101,199.109963410414,253.293738463564,1977.89053259891,505.991895469433,558.199130702625,956.990679142056,524.783480255802,270.921214070414,1123.52574597439,1546.05075680094,577.643900169389,248.949314110299
